PassengerId,Survived,Pclass,Name,Sex,Age,SibSp,Parch,Ticket,Fare,Embarked
1,0,3,"Braund, Mr. Owen Harris",male,22.0,1,0,,7.25,S
2,1,1,"Cumings, Mrs. John Bradley (Florence Briggs Thayer)",female,38.0,1,0,,71.2833,C
3,1,3,"Heikkinen, Miss. Laina",female,26.0,0,0,,7.925,S
4,1,1,"Futrelle, Mrs. Jacques Heath (Lily May Peel)",female,35.0,1,0,113803.0,53.1,S
5,0,3,"Allen, Mr. William Henry",male,35.0,0,0,373450.0,8.05,S
8,0,3,"Palsson, Master. Gosta Leonard",male,2.0,3,1,349909.0,21.075,S
9,1,3,"Johnson, Mrs. Oscar W (Elisabeth Vilhelmina Berg)",female,27.0,0,2,347742.0,11.1333,S
10,1,2,"Nasser, Mrs. Nicholas (Adele Achem)",female,14.0,1,0,237736.0,30.0708,C
11,1,3,"Sandstrom, Miss. Marguerite Rut",female,4.0,1,1,,16.7,S
13,0,3,"Saundercock, Mr. William Henry",male,20.0,0,0,,8.05,S
14,0,3,"Andersson, Mr. Anders Johan",male,39.0,1,5,347082.0,31.275,S
16,1,2,"Hewlett, Mrs. (Mary D Kingcome) ",female,55.0,0,0,248706.0,16.0,S
21,0,2,"Fynney, Mr. Joseph J",male,35.0,0,0,239865.0,26.0,S
23,1,3,"McGowan, Miss. Anna ""Annie""",female,15.0,0,0,330923.0,8.0292,Q
24,1,1,"Sloper, Mr. William Thompson",male,28.0,0,0,113788.0,35.5,S
26,1,3,"Asplund, Mrs. Carl Oscar (Selma Augusta Emilia Johansson)",female,38.0,1,5,347077.0,31.3875,S
28,0,1,"Fortune, Mr. Charles Alexander",male,19.0,3,2,19950.0,263.0,S
31,0,1,"Uruchurtu, Don. Manuel E",male,40.0,0,0,,27.7208,C
34,0,2,"Wheadon, Mr. Edward H",male,66.0,0,0,,10.5,S
40,1,3,"Nicola-Yarred, Miss. Jamila",female,14.0,1,0,2651.0,11.2417,C
41,0,3,"Ahlin, Mrs. Johan (Johanna Persdotter Larsson)",female,40.0,1,0,7546.0,9.475,S
42,0,2,"Turpin, Mrs. William John Robert (Dorothy Ann Wonnacott)",female,27.0,1,0,11668.0,21.0,S
44,1,2,"Laroche, Miss. Simonne Marie Anne Andree",female,3.0,1,2,,41.5792,C
45,1,3,"Devaney, Miss. Margaret Delia",female,19.0,0,0,330958.0,7.8792,Q
50,0,3,"Arnold-Franchi, Mrs. Josef (Josefine Franchi)",female,18.0,1,0,349237.0,17.8,S
51,0,3,"Panula, Master. Juha Niilo",male,7.0,4,1,3101295.0,39.6875,S
52,0,3,"Nosworthy, Mr. Richard Cater",male,21.0,0,0,,7.8,S
53,1,1,"Harper, Mrs. Henry Sleeper (Myna Haxtun)",female,49.0,1,0,,76.7292,C
54,1,2,"Faunthorpe, Mrs. Lizzie (Elizabeth Anne Wilkinson)",female,29.0,1,0,2926.0,26.0,S
55,0,1,"Ostby, Mr. Engelhart Cornelius",male,65.0,0,1,113509.0,61.9792,C
57,1,2,"Rugg, Miss. Emily",female,21.0,0,0,,10.5,S
58,0,3,"Novel, Mr. Mansouer",male,28.5,0,0,2697.0,7.2292,C
59,1,2,"West, Miss. Constance Mirium",female,5.0,1,2,,27.75,S
60,0,3,"Goodwin, Master. William Frederick",male,11.0,5,2,,46.9,S
61,0,3,"Sirayanian, Mr. Orsen",male,22.0,0,0,2669.0,7.2292,C
63,0,1,"Harris, Mr. Henry Birkhardt",male,45.0,1,0,36973.0,83.475,S
67,1,2,"Nye, Mrs. (Elizabeth Ramell)",female,29.0,0,0,,10.5,S
68,0,3,"Crease, Mr. Ernest James",male,19.0,0,0,,8.1583,S
69,1,3,"Andersson, Miss. Erna Alexandra",female,17.0,4,2,3101281.0,7.925,S
71,0,2,"Jenkin, Mr. Stephen Curnow",male,32.0,0,0,,10.5,S
72,0,3,"Goodwin, Miss. Lillian Amy",female,16.0,5,2,,46.9,S
73,0,2,"Hood, Mr. Ambrose Jr",male,21.0,0,0,,73.5,S
74,0,3,"Chronopoulos, Mr. Apostolos",male,26.0,1,0,2680.0,14.4542,C
75,1,3,"Bing, Mr. Lee",male,32.0,0,0,1601.0,56.4958,S
76,0,3,"Moen, Mr. Sigurd Hansen",male,25.0,0,0,348123.0,7.65,S
79,1,2,"Caldwell, Master. Alden Gates",male,0.83,0,2,248738.0,29.0,S
80,1,3,"Dowdell, Miss. Elizabeth",female,30.0,0,0,364516.0,12.475,S
81,0,3,"Waelens, Mr. Achille",male,22.0,0,0,345767.0,9.0,S
82,1,3,"Sheerlinck, Mr. Jan Baptist",male,29.0,0,0,345779.0,9.5,S
84,0,1,"Carrau, Mr. Francisco M",male,28.0,0,0,113059.0,47.1,S
85,1,2,"Ilett, Miss. Bertha",female,17.0,0,0,,10.5,S
86,1,3,"Backstrom, Mrs. Karl Alfred (Maria Mathilda Gustafsson)",female,33.0,3,0,3101278.0,15.85,S
87,0,3,"Ford, Mr. William Neal",male,16.0,1,3,,34.375,S
89,1,1,"Fortune, Miss. Mabel Helen",female,23.0,3,2,19950.0,263.0,S
90,0,3,"Celotti, Mr. Francesco",male,24.0,0,0,343275.0,8.05,S
91,0,3,"Christmann, Mr. Emil",male,29.0,0,0,343276.0,8.05,S
92,0,3,"Andreasson, Mr. Paul Edvin",male,20.0,0,0,347466.0,7.8542,S
93,0,1,"Chaffee, Mr. Herbert Fuller",male,46.0,1,0,,61.175,S
94,0,3,"Dean, Mr. Bertram Frank",male,26.0,1,2,,20.575,S
95,0,3,"Coxon, Mr. Daniel",male,59.0,0,0,364500.0,7.25,S
97,0,1,"Goldschmidt, Mr. George B",male,71.0,0,0,,34.6542,C
98,1,1,"Greenfield, Mr. William Bertram",male,23.0,0,1,,63.3583,C
99,1,2,"Doling, Mrs. John T (Ada Julia Bone)",female,34.0,0,1,231919.0,23.0,S
101,0,3,"Petranec, Miss. Matilda",female,28.0,0,0,349245.0,7.8958,S
105,0,3,"Gustafsson, Mr. Anders Vilhelm",male,37.0,2,0,3101276.0,7.925,S
107,1,3,"Salkjelsvik, Miss. Anna Kristine",female,21.0,0,0,343120.0,7.65,S
109,0,3,"Rekic, Mr. Tido",male,38.0,0,0,349249.0,7.8958,S
111,0,1,"Porter, Mr. Walter Chamberlain",male,47.0,0,0,110465.0,52.0,S
113,0,3,"Barton, Mr. David John",male,22.0,0,0,324669.0,8.05,S
114,0,3,"Jussila, Miss. Katriina",female,20.0,1,0,4136.0,9.825,S
117,0,3,"Connors, Mr. Patrick",male,70.5,0,0,370369.0,7.75,Q
120,0,3,"Andersson, Miss. Ellis Anna Maria",female,2.0,4,2,347082.0,31.275,S
121,0,2,"Hickman, Mr. Stanley George",male,21.0,2,0,,73.5,S
123,0,2,"Nasser, Mr. Nicholas",male,32.5,1,0,237736.0,30.0708,C
124,1,2,"Webber, Miss. Susan",female,32.5,0,0,27267.0,13.0,S
128,1,3,"Madsen, Mr. Fridtjof Arne",male,24.0,0,0,,7.1417,S
133,0,3,"Robins, Mrs. Alexander A (Grace Charity Laury)",female,47.0,1,0,,14.5,S
135,0,2,"Sobey, Mr. Samuel James Hayden",male,25.0,0,0,,13.0,S
138,0,1,"Futrelle, Mr. Jacques Heath",male,37.0,1,0,113803.0,53.1,S
139,0,3,"Osen, Mr. Olaf Elon",male,16.0,0,0,7534.0,9.2167,S
140,0,1,"Giglio, Mr. Victor",male,24.0,0,0,,79.2,C
142,1,3,"Nysten, Miss. Anna Sofia",female,22.0,0,0,347081.0,7.75,S
144,0,3,"Burke, Mr. Jeremiah",male,19.0,0,0,365222.0,6.75,Q
147,1,3,"Andersson, Mr. August Edvard (""Wennerstrom"")",male,27.0,0,0,350043.0,7.7958,S
148,0,3,"Ford, Miss. Robina Maggie ""Ruby""",female,9.0,2,2,,34.375,S
149,0,2,"Navratil, Mr. Michel (""Louis M Hoffman"")",male,36.5,0,2,230080.0,26.0,S
150,0,2,"Byles, Rev. Thomas Roussel Davids",male,42.0,0,0,244310.0,13.0,S
152,1,1,"Pears, Mrs. Thomas (Edith Wearne)",female,22.0,1,0,113776.0,66.6,S
153,0,3,"Meo, Mr. Alfonzo",male,55.5,0,0,,8.05,S
154,0,3,"van Billiard, Mr. Austin Blyler",male,40.5,0,2,,14.5,S
156,0,1,"Williams, Mr. Charles Duane",male,51.0,0,1,,61.3792,C
157,1,3,"Gilnagh, Miss. Katherine ""Katie""",female,16.0,0,0,35851.0,7.7333,Q
158,0,3,"Corn, Mr. Harry",male,30.0,0,0,,8.05,S
161,0,3,"Cribb, Mr. John Hatfield",male,44.0,0,1,371362.0,16.1,S
164,0,3,"Calic, Mr. Jovo",male,17.0,0,0,315093.0,8.6625,S
166,1,3,"Goldsmith, Master. Frank John William ""Frankie""",male,9.0,0,2,363291.0,20.525,S
168,0,3,"Skoog, Mrs. William (Anna Bernhardina Karlsson)",female,45.0,1,4,347088.0,27.9,S
170,0,3,"Ling, Mr. Lee",male,28.0,0,0,1601.0,56.4958,S
171,0,1,"Van der hoef, Mr. Wyckoff",male,61.0,0,0,111240.0,33.5,S
173,1,3,"Johnson, Miss. Eleanor Ileen",female,1.0,1,1,347742.0,11.1333,S
174,0,3,"Sivola, Mr. Antti Wilhelm",male,21.0,0,0,,7.925,S
176,0,3,"Klasen, Mr. Klas Albin",male,18.0,1,1,350404.0,7.8542,S
179,0,2,"Hale, Mr. Reginald",male,30.0,0,0,250653.0,13.0,S
180,0,3,"Leonard, Mr. Lionel",male,36.0,0,0,,0.0,S
183,0,3,"Asplund, Master. Clarence Gustaf Hugo",male,9.0,4,2,347077.0,31.3875,S
184,1,2,"Becker, Master. Richard F",male,1.0,2,1,230136.0,39.0,S
185,1,3,"Kink-Heilmann, Miss. Luise Gretchen",female,4.0,0,2,315153.0,22.025,S
188,1,1,"Romaine, Mr. Charles Hallace (""Mr C Rolmane"")",male,45.0,0,0,111428.0,26.55,S
190,0,3,"Turcin, Mr. Stjepan",male,36.0,0,0,349247.0,7.8958,S
191,1,2,"Pinsky, Mrs. (Rosa)",female,32.0,0,0,234604.0,13.0,S
192,0,2,"Carbines, Mr. William",male,19.0,0,0,28424.0,13.0,S
193,1,3,"Andersen-Jensen, Miss. Carla Christine Nielsine",female,19.0,1,0,350046.0,7.8542,S
194,1,2,"Navratil, Master. Michel M",male,3.0,1,1,230080.0,26.0,S
195,1,1,"Brown, Mrs. James Joseph (Margaret Tobin)",female,44.0,0,0,,27.7208,C
196,1,1,"Lurette, Miss. Elise",female,58.0,0,0,,146.5208,C
198,0,3,"Olsen, Mr. Karl Siegwart Andreas",male,42.0,0,1,4579.0,8.4042,S
200,0,2,"Yrois, Miss. Henriette (""Mrs Harbeck"")",female,24.0,0,0,248747.0,13.0,S
201,0,3,"Vande Walle, Mr. Nestor Cyriel",male,28.0,0,0,345770.0,9.5,S
203,0,3,"Johanson, Mr. Jakob Alfred",male,34.0,0,0,3101264.0,6.4958,S
204,0,3,"Youseff, Mr. Gerious",male,45.5,0,0,2628.0,7.225,C
205,1,3,"Cohen, Mr. Gurshon ""Gus""",male,18.0,0,0,,8.05,S
207,0,3,"Backstrom, Mr. Karl Alfred",male,32.0,1,0,3101278.0,15.85,S
208,1,3,"Albimona, Mr. Nassef Cassem",male,26.0,0,0,2699.0,18.7875,C
210,1,1,"Blank, Mr. Henry",male,40.0,0,0,112277.0,31.0,C
211,0,3,"Ali, Mr. Ahmed",male,24.0,0,0,,7.05,S
212,1,2,"Cameron, Miss. Clear Annie",female,35.0,0,0,,21.0,S
213,0,3,"Perkin, Mr. John Henry",male,22.0,0,0,,7.25,S
216,1,1,"Newell, Miss. Madeleine",female,31.0,1,0,35273.0,113.275,C
219,1,1,"Bazzani, Miss. Albina",female,32.0,0,0,11813.0,76.2917,C
220,0,2,"Harris, Mr. Walter",male,30.0,0,0,,10.5,S
221,1,3,"Sunderland, Mr. Victor Francis",male,16.0,0,0,,8.05,S
222,0,2,"Bracken, Mr. James H",male,27.0,0,0,220367.0,13.0,S
225,1,1,"Hoyt, Mr. Frederick Maxfield",male,38.0,1,0,19943.0,90.0,S
226,0,3,"Berglund, Mr. Karl Ivar Sven",male,22.0,0,0,,9.35,S
227,1,2,"Mellors, Mr. William John",male,19.0,0,0,,10.5,S
228,0,3,"Lovell, Mr. John Hall (""Henry"")",male,20.5,0,0,,7.25,S
229,0,2,"Fahlstrom, Mr. Arne Jonas",male,18.0,0,0,236171.0,13.0,S
232,0,3,"Larsson, Mr. Bengt Edvin",male,29.0,0,0,347067.0,7.775,S
235,0,2,"Leyson, Mr. Robert William Norman",male,24.0,0,0,,10.5,S
237,0,2,"Hold, Mr. Stephen",male,44.0,1,0,26707.0,26.0,S
238,1,2,"Collyer, Miss. Marjorie ""Lottie""",female,8.0,0,2,,26.25,S
239,0,2,"Pengelly, Mr. Frederick William",male,19.0,0,0,28665.0,10.5,S
240,0,2,"Hunt, Mr. George Henry",male,33.0,0,0,,12.275,S
243,0,2,"Coleridge, Mr. Reginald Charles",male,29.0,0,0,,10.5,S
244,0,3,"Maenpaa, Mr. Matti Alexanteri",male,22.0,0,0,,7.125,S
246,0,1,"Minahan, Dr. William Edward",male,44.0,2,0,19928.0,90.0,Q
249,1,1,"Beckwith, Mr. Richard Leonard",male,37.0,1,1,11751.0,52.5542,S
250,0,2,"Carter, Rev. Ernest Courtenay",male,54.0,1,0,244252.0,26.0,S
253,0,1,"Stead, Mr. William Thomas",male,62.0,0,0,113514.0,26.55,S
254,0,3,"Lobb, Mr. William Arthur",male,30.0,1,0,,16.1,S
255,0,3,"Rosblom, Mrs. Viktor (Helena Wilhelmina)",female,41.0,0,2,370129.0,20.2125,S
256,1,3,"Touma, Mrs. Darwis (Hanne Youssef Razi)",female,29.0,0,2,2650.0,15.2458,C
259,1,1,"Ward, Miss. Anna",female,35.0,0,0,,512.3292,C
260,1,2,"Parrish, Mrs. (Lutie Davis)",female,50.0,0,1,230433.0,26.0,S
262,1,3,"Asplund, Master. Edvin Rojj Felix",male,3.0,4,2,347077.0,31.3875,S
264,0,1,"Harrison, Mr. William",male,40.0,0,0,112059.0,0.0,S
266,0,2,"Reeves, Mr. David",male,36.0,0,0,,10.5,S
267,0,3,"Panula, Mr. Ernesti Arvid",male,16.0,4,1,3101295.0,39.6875,S
269,1,1,"Graham, Mrs. William Thompson (Edith Junkins)",female,58.0,0,1,,153.4625,S
270,1,1,"Bissette, Miss. Amelia",female,35.0,0,0,,135.6333,S
272,1,3,"Tornquist, Mr. William Henry",male,25.0,0,0,,0.0,S
273,1,2,"Mellinger, Mrs. (Elizabeth Anne Maidment)",female,41.0,0,1,250644.0,19.5,S
274,0,1,"Natsch, Mr. Charles H",male,37.0,0,1,,29.7,C
276,1,1,"Andrews, Miss. Kornelia Theodosia",female,63.0,1,0,13502.0,77.9583,S
277,0,3,"Lindblom, Miss. Augusta Charlotta",female,45.0,0,0,347073.0,7.75,S
279,0,3,"Rice, Master. Eric",male,7.0,4,1,382652.0,29.125,Q
280,1,3,"Abbott, Mrs. Stanton (Rosa Hunt)",female,35.0,1,1,,20.25,S
281,0,3,"Duane, Mr. Frank",male,65.0,0,0,336439.0,7.75,Q
282,0,3,"Olsson, Mr. Nils Johan Goransson",male,28.0,0,0,347464.0,7.8542,S
283,0,3,"de Pelsmaeker, Mr. Alfons",male,16.0,0,0,345778.0,9.5,S
284,1,3,"Dorking, Mr. Edward Arthur",male,19.0,0,0,,8.05,S
287,1,3,"de Mulder, Mr. Theodore",male,30.0,0,0,345774.0,9.5,S
289,1,2,"Hosono, Mr. Masabumi",male,42.0,0,0,237798.0,13.0,S
290,1,3,"Connolly, Miss. Kate",female,22.0,0,0,370373.0,7.75,Q
291,1,1,"Barber, Miss. Ellen ""Nellie""",female,26.0,0,0,19877.0,78.85,S
292,1,1,"Bishop, Mrs. Dickinson H (Helen Walton)",female,19.0,1,0,11967.0,91.0792,C
294,0,3,"Haas, Miss. Aloisia",female,24.0,0,0,349236.0,8.85,S
295,0,3,"Mineff, Mr. Ivan",male,24.0,0,0,349233.0,7.8958,S
298,0,1,"Allison, Miss. Helen Loraine",female,2.0,1,2,113781.0,151.55,S
300,1,1,"Baxter, Mrs. James (Helene DeLaudeniere Chaput)",female,50.0,0,1,,247.5208,C
306,1,1,"Allison, Master. Hudson Trevor",male,0.92,1,2,113781.0,151.55,S
308,1,1,"Penasco y Castellana, Mrs. Victor de Satode (Maria Josefa Perez de Soto y Vallejo)",female,17.0,1,0,,108.9,C
309,0,2,"Abelson, Mr. Samuel",male,30.0,1,0,,24.0,C
310,1,1,"Francatelli, Miss. Laura Mabel",female,30.0,0,0,,56.9292,C
311,1,1,"Hays, Miss. Margaret Bechstein",female,24.0,0,0,11767.0,83.1583,C
312,1,1,"Ryerson, Miss. Emily Borie",female,18.0,2,2,,262.375,C
313,0,2,"Lahtinen, Mrs. William (Anna Sylfven)",female,26.0,1,1,250651.0,26.0,S
314,0,3,"Hendekovic, Mr. Ignjac",male,28.0,0,0,349243.0,7.8958,S
315,0,2,"Hart, Mr. Benjamin",male,43.0,1,1,,26.25,S
316,1,3,"Nilsson, Miss. Helmina Josefina",female,26.0,0,0,347470.0,7.8542,S
318,0,2,"Moraweck, Dr. Ernest",male,54.0,0,0,29011.0,14.0,S
320,1,1,"Spedden, Mrs. Frederic Oakley (Margaretta Corning Stone)",female,40.0,1,1,16966.0,134.5,C
321,0,3,"Dennis, Mr. Samuel",male,22.0,0,0,,7.25,S
322,0,3,"Danoff, Mr. Yoto",male,27.0,0,0,349219.0,7.8958,S
326,1,1,"Young, Miss. Marie Grice",female,36.0,0,0,,135.6333,C
327,0,3,"Nysveen, Mr. Johan Hansen",male,61.0,0,0,345364.0,6.2375,S
328,1,2,"Ball, Mrs. (Ada E Hall)",female,36.0,0,0,28551.0,13.0,S
329,1,3,"Goldsmith, Mrs. Frank John (Emily Alice Brown)",female,31.0,1,1,363291.0,20.525,S
330,1,1,"Hippach, Miss. Jean Gertrude",female,16.0,0,1,111361.0,57.9792,C
332,0,1,"Partner, Mr. Austen",male,45.5,0,0,113043.0,28.5,S
333,0,1,"Graham, Mr. George Edward",male,38.0,0,1,,153.4625,S
334,0,3,"Vander Planke, Mr. Leo Edmondus",male,16.0,2,0,345764.0,18.0,S
338,1,1,"Burns, Miss. Elizabeth Margaret",female,41.0,0,0,16966.0,134.5,C
339,1,3,"Dahl, Mr. Karl Edwart",male,45.0,0,0,7598.0,8.05,S
342,1,1,"Fortune, Miss. Alice Elizabeth",female,24.0,3,2,19950.0,263.0,S
343,0,2,"Collander, Mr. Erik Gustaf",male,28.0,0,0,248740.0,13.0,S
344,0,2,"Sedgwick, Mr. Charles Frederick Waddington",male,25.0,0,0,244361.0,13.0,S
345,0,2,"Fox, Mr. Stanley Hubert",male,36.0,0,0,229236.0,13.0,S
346,1,2,"Brown, Miss. Amelia ""Mildred""",female,24.0,0,0,248733.0,13.0,S
349,1,3,"Coutts, Master. William Loch ""William""",male,3.0,1,1,,15.9,S
351,0,3,"Odahl, Mr. Nils Martin",male,23.0,0,0,7267.0,9.225,S
354,0,3,"Arnold-Franchi, Mr. Josef",male,25.0,1,0,349237.0,17.8,S
356,0,3,"Vanden Steen, Mr. Leo Peter",male,28.0,0,0,345783.0,9.5,S
357,1,1,"Bowerman, Miss. Elsie Edith",female,22.0,0,1,113505.0,55.0,S
358,0,2,"Funk, Miss. Annie Clemmer",female,38.0,0,0,237671.0,13.0,S
363,0,3,"Barbara, Mrs. (Catherine David)",female,45.0,0,1,2691.0,14.4542,C
364,0,3,"Asim, Mr. Adola",male,35.0,0,0,,7.05,S
366,0,3,"Adahl, Mr. Mauritz Nils Martin",male,30.0,0,0,,7.25,S
367,1,1,"Warren, Mrs. Frank Manley (Anna Sophia Atkinson)",female,60.0,1,0,110813.0,75.25,C
370,1,1,"Aubart, Mme. Leontine Pauline",female,24.0,0,0,,69.3,C
372,0,3,"Wiklund, Mr. Jakob Alfred",male,18.0,1,0,3101267.0,6.4958,S
373,0,3,"Beavan, Mr. William Thomas",male,19.0,0,0,323951.0,8.05,S
374,0,1,"Ringhini, Mr. Sante",male,22.0,0,0,,135.6333,C
375,0,3,"Palsson, Miss. Stina Viola",female,3.0,3,1,349909.0,21.075,S
377,1,3,"Landergren, Miss. Aurora Adelia",female,22.0,0,0,,7.25,S
379,0,3,"Betros, Mr. Tannous",male,20.0,0,0,2648.0,4.0125,C
380,0,3,"Gustafsson, Mr. Karl Gideon",male,19.0,0,0,347069.0,7.775,S
381,1,1,"Bidois, Miss. Rosalie",female,42.0,0,0,,227.525,C
382,1,3,"Nakid, Miss. Maria (""Mary"")",female,1.0,0,2,2653.0,15.7417,C
383,0,3,"Tikkanen, Mr. Juho",male,32.0,0,0,,7.925,S
384,1,1,"Holverson, Mrs. Alexander Oskar (Mary Aline Towner)",female,35.0,1,0,113789.0,52.0,S
386,0,2,"Davies, Mr. Charles Henry",male,18.0,0,0,,73.5,S
387,0,3,"Goodwin, Master. Sidney Leonard",male,1.0,5,2,,46.9,S
388,1,2,"Buss, Miss. Kate",female,36.0,0,0,27849.0,13.0,S
390,1,2,"Lehmann, Miss. Bertha",female,17.0,0,0,,12.0,C
391,1,1,"Carter, Mr. William Ernest",male,36.0,1,2,113760.0,120.0,S
392,1,3,"Jansson, Mr. Carl Olof",male,21.0,0,0,350034.0,7.7958,S
393,0,3,"Gustafsson, Mr. Johan Birger",male,28.0,2,0,3101277.0,7.925,S
394,1,1,"Newell, Miss. Marjorie",female,23.0,1,0,35273.0,113.275,C
395,1,3,"Sandstrom, Mrs. Hjalmar (Agnes Charlotta Bengtsson)",female,24.0,0,2,,16.7,S
397,0,3,"Olsson, Miss. Elina",female,31.0,0,0,350407.0,7.8542,S
398,0,2,"McKane, Mr. Peter David",male,46.0,0,0,28403.0,26.0,S
399,0,2,"Pain, Dr. Alfred",male,23.0,0,0,244278.0,10.5,S
402,0,3,"Adams, Mr. John",male,26.0,0,0,341826.0,8.05,S
404,0,3,"Hakkarainen, Mr. Pekka Pietari",male,28.0,1,0,,15.85,S
405,0,3,"Oreskovic, Miss. Marija",female,20.0,0,0,315096.0,8.6625,S
406,0,2,"Gale, Mr. Shadrach",male,34.0,1,0,28664.0,21.0,S
407,0,3,"Widegren, Mr. Carl/Charles Peter",male,51.0,0,0,347064.0,7.75,S
418,1,2,"Silven, Miss. Lyyli Karoliina",female,18.0,0,2,250652.0,13.0,S
423,0,3,"Zimmerman, Mr. Leo",male,29.0,0,0,315082.0,7.875,S
424,0,3,"Danbom, Mrs. Ernst Gilbert (Anna Sigrid Maria Brogren)",female,28.0,1,1,347080.0,14.4,S
425,0,3,"Rosblom, Mr. Viktor Richard",male,18.0,1,1,370129.0,20.2125,S
428,1,2,"Phillips, Miss. Kate Florence (""Mrs Kate Louise Phillips Marshall"")",female,19.0,0,0,250655.0,26.0,S
430,1,3,"Pickard, Mr. Berk (Berk Trembisky)",male,32.0,0,0,,8.05,S
431,1,1,"Bjornstrom-Steffansson, Mr. Mauritz Hakan",male,28.0,0,0,110564.0,26.55,S
433,1,2,"Louch, Mrs. Charles Alexander (Alice Adelaide Slow)",female,42.0,1,0,,26.0,S
436,1,1,"Carter, Miss. Lucile Polk",female,14.0,1,2,113760.0,120.0,S
437,0,3,"Ford, Miss. Doolina Margaret ""Daisy""",female,21.0,2,2,,34.375,S
438,1,2,"Richards, Mrs. Sidney (Emily Hocking)",female,24.0,2,3,29106.0,18.75,S
443,0,3,"Petterson, Mr. Johan Emil",male,25.0,1,0,347076.0,7.775,S
444,1,2,"Reynaldo, Ms. Encarnacion",female,28.0,0,0,230434.0,13.0,S
446,1,1,"Dodge, Master. Washington",male,4.0,0,2,33638.0,81.8583,S
447,1,2,"Mellinger, Miss. Madeleine Violet",female,13.0,0,1,250644.0,19.5,S
451,0,2,"West, Mr. Edwy Arthur",male,36.0,1,2,,27.75,S
457,0,1,"Millet, Mr. Francis Davis",male,65.0,0,0,13509.0,26.55,S
461,1,1,"Anderson, Mr. Harry",male,48.0,0,0,19952.0,26.55,S
462,0,3,"Morley, Mr. William",male,34.0,0,0,364506.0,8.05,S
464,0,2,"Milling, Mr. Jacob Christian",male,48.0,0,0,234360.0,13.0,S
466,0,3,"Goncalves, Mr. Manuel Estanslas",male,38.0,0,0,,7.05,S
470,1,3,"Baclini, Miss. Helene Barbara",female,0.75,2,1,2666.0,19.2583,C
472,0,3,"Cacic, Mr. Luka",male,38.0,0,0,315089.0,8.6625,S
473,1,2,"West, Mrs. Edwy Arthur (Ada Mary Worth)",female,33.0,1,2,,27.75,S
477,0,2,"Renouf, Mr. Peter Henry",male,34.0,1,0,31027.0,21.0,S
478,0,3,"Braund, Mr. Lewis Richard",male,29.0,1,0,3460.0,7.0458,S
479,0,3,"Karlsson, Mr. Nils August",male,22.0,0,0,350060.0,7.5208,S
480,1,3,"Hirvonen, Miss. Hildur E",female,2.0,0,1,3101298.0,12.2875,S
484,1,3,"Turkula, Mrs. (Hedwig)",female,63.0,0,0,4134.0,9.5875,S
485,1,1,"Bishop, Mr. Dickinson H",male,25.0,1,0,11967.0,91.0792,C
487,1,1,"Hoyt, Mrs. Frederick Maxfield (Jane Anne Forby)",female,35.0,1,0,19943.0,90.0,S
488,0,1,"Kent, Mr. Edward Austin",male,58.0,0,0,11771.0,29.7,C
490,1,3,"Coutts, Master. Eden Leslie ""Neville""",male,9.0,1,1,,15.9,S
492,0,3,"Windelov, Mr. Einar",male,21.0,0,0,,7.25,S
494,0,1,"Artagaveytia, Mr. Ramon",male,71.0,0,0,,49.5042,C
495,0,3,"Stanley, Mr. Edward Roland",male,21.0,0,0,,8.05,S
497,1,1,"Eustis, Miss. Elizabeth Mussey",female,54.0,1,0,36947.0,78.2667,C
499,0,1,"Allison, Mrs. Hudson J C (Bessie Waldo Daniels)",female,25.0,1,2,113781.0,151.55,S
500,0,3,"Svensson, Mr. Olof",male,24.0,0,0,350035.0,7.7958,S
502,0,3,"Canavan, Miss. Mary",female,21.0,0,0,364846.0,7.75,Q
504,0,3,"Laitinen, Miss. Kristina Sofia",female,37.0,0,0,4135.0,9.5875,S
505,1,1,"Maioni, Miss. Roberta",female,16.0,0,0,110152.0,86.5,S
507,1,2,"Quick, Mrs. Frederick Charles (Jane Richards)",female,33.0,0,2,26360.0,26.0,S
509,0,3,"Olsen, Mr. Henry Margido",male,28.0,0,0,,22.525,S
511,1,3,"Daly, Mr. Eugene Patrick",male,29.0,0,0,382651.0,7.75,Q
513,1,1,"McGough, Mr. James Robert",male,36.0,0,0,,26.2875,S
514,1,1,"Rothschild, Mrs. Martin (Elizabeth L. Barrett)",female,54.0,1,0,,59.4,C
515,0,3,"Coleff, Mr. Satio",male,24.0,0,0,349209.0,7.4958,S
516,0,1,"Walker, Mr. William Anderson",male,47.0,0,0,36967.0,34.0208,S
517,1,2,"Lemore, Mrs. (Amelia Milley)",female,34.0,0,0,,10.5,S
521,1,1,"Perreault, Miss. Anne",female,30.0,0,0,12749.0,93.5,S
522,0,3,"Vovk, Mr. Janko",male,22.0,0,0,349252.0,7.8958,S
524,1,1,"Hippach, Mrs. Louis Albert (Ida Sophia Fischer)",female,44.0,0,1,111361.0,57.9792,C
526,0,3,"Farrell, Mr. James",male,40.5,0,0,367232.0,7.75,Q
527,1,2,"Ridsdale, Miss. Lucy",female,50.0,0,0,,10.5,S
529,0,3,"Salonen, Mr. Johan Werner",male,39.0,0,0,3101296.0,7.925,S
530,0,2,"Hocking, Mr. Richard George",male,23.0,2,1,29104.0,11.5,S
533,0,3,"Elias, Mr. Joseph Jr",male,17.0,1,1,2690.0,7.2292,C
536,1,2,"Hart, Miss. Eva Miriam",female,7.0,0,2,,26.25,S
538,1,1,"LeRoy, Miss. Bertha",female,30.0,0,0,,106.425,C
540,1,1,"Frolicher, Miss. Hedwig Margaritha",female,22.0,0,2,13568.0,49.5,C
541,1,1,"Crosby, Miss. Harriet R",female,36.0,0,2,,71.0,S
543,0,3,"Andersson, Miss. Sigrid Elisabeth",female,11.0,4,2,347082.0,31.275,S
545,0,1,"Douglas, Mr. Walter Donald",male,50.0,1,0,,106.425,C
546,0,1,"Nicholson, Mr. Arthur Ernest",male,64.0,0,0,693.0,26.0,S
547,1,2,"Beane, Mrs. Edward (Ethel Clarke)",female,19.0,1,0,2908.0,26.0,S
550,1,2,"Davies, Master. John Morgan Jr",male,8.0,1,1,,36.75,S
551,1,1,"Thayer, Mr. John Borland Jr",male,17.0,0,2,17421.0,110.8833,C
554,1,3,"Leeni, Mr. Fahim (""Philip Zenni"")",male,22.0,0,0,2620.0,7.225,C
555,1,3,"Ohman, Miss. Velin",female,22.0,0,0,347085.0,7.775,S
556,0,1,"Wright, Mr. George",male,62.0,0,0,113807.0,26.55,S
562,0,3,"Sivic, Mr. Husein",male,40.0,0,0,349251.0,7.8958,S
563,0,2,"Norman, Mr. Robert Douglas",male,28.0,0,0,218629.0,13.5,S
566,0,3,"Davies, Mr. Alfred J",male,24.0,2,0,,24.15,S
567,0,3,"Stoytcheff, Mr. Ilia",male,19.0,0,0,349205.0,7.8958,S
568,0,3,"Palsson, Mrs. Nils (Alma Cornelia Berglund)",female,29.0,0,4,349909.0,21.075,S
570,1,3,"Jonsson, Mr. Carl",male,32.0,0,0,350417.0,7.8542,S
572,1,1,"Appleton, Mrs. Edward Dale (Charlotte Lamson)",female,53.0,2,0,11769.0,51.4792,S
575,0,3,"Rush, Mr. Alfred George John",male,16.0,0,0,,8.05,S
576,0,3,"Patchett, Mr. George",male,19.0,0,0,358585.0,14.5,S
577,1,2,"Garside, Miss. Ethel",female,34.0,0,0,243880.0,13.0,S
580,1,3,"Jussila, Mr. Eiriik",male,32.0,0,0,,7.925,S
581,1,2,"Christy, Miss. Julie Rachel",female,25.0,1,1,237789.0,30.0,S
582,1,1,"Thayer, Mrs. John Borland (Marian Longstreth Morris)",female,39.0,1,1,17421.0,110.8833,C
583,0,2,"Downton, Mr. William James",male,54.0,0,0,28403.0,26.0,S
588,1,1,"Frolicher-Stehli, Mr. Maxmillian",male,60.0,1,1,13567.0,79.2,C
589,0,3,"Gilinski, Mr. Eliezer",male,22.0,0,0,14973.0,8.05,S
592,1,1,"Stephenson, Mrs. Walter Bertram (Martha Eustis)",female,52.0,1,0,36947.0,78.2667,C
595,0,2,"Chapman, Mr. John Henry",male,37.0,1,0,,26.0,S
596,0,3,"Van Impe, Mr. Jean Baptiste",male,36.0,1,1,345773.0,24.15,S
598,0,3,"Johnson, Mr. Alfred",male,49.0,0,0,,0.0,S
600,1,1,"Duff Gordon, Sir. Cosmo Edmund (""Mr Morgan"")",male,49.0,1,0,,56.9292,C
601,1,2,"Jacobsohn, Mrs. Sidney Samuel (Amy Frances Christy)",female,24.0,2,1,243847.0,27.0,S
604,0,3,"Torber, Mr. Ernst William",male,44.0,0,0,364511.0,8.05,S
605,1,1,"Homer, Mr. Harry (""Mr E Haven"")",male,35.0,0,0,111426.0,26.55,C
606,0,3,"Lindell, Mr. Edvard Bengtsson",male,36.0,1,0,349910.0,15.55,S
607,0,3,"Karaic, Mr. Milan",male,30.0,0,0,349246.0,7.8958,S
609,1,2,"Laroche, Mrs. Joseph (Juliette Marie Louise Lafargue)",female,22.0,1,2,,41.5792,C
610,1,1,"Shutes, Miss. Elizabeth W",female,40.0,0,0,,153.4625,S
611,0,3,"Andersson, Mrs. Anders Johan (Alfrida Konstantia Brogren)",female,39.0,1,5,347082.0,31.275,S
615,0,3,"Brocklebank, Mr. William Alfred",male,35.0,0,0,364512.0,8.05,S
616,1,2,"Herman, Miss. Alice",female,24.0,1,2,220845.0,65.0,S
617,0,3,"Danbom, Mr. Ernst Gilbert",male,34.0,1,1,347080.0,14.4,S
618,0,3,"Lobb, Mrs. William Arthur (Cordelia K Stanlick)",female,26.0,1,0,,16.1,S
619,1,2,"Becker, Miss. Marion Louise",female,4.0,2,1,230136.0,39.0,S
620,0,2,"Gavey, Mr. Lawrence",male,26.0,0,0,31028.0,10.5,S
621,0,3,"Yasbeck, Mr. Antoni",male,27.0,1,0,2659.0,14.4542,C
622,1,1,"Kimball, Mr. Edwin Nelson Jr",male,42.0,1,0,11753.0,52.5542,S
624,0,3,"Hansen, Mr. Henry Damsgaard",male,21.0,0,0,350029.0,7.8542,S
626,0,1,"Sutton, Mr. Frederick",male,61.0,0,0,36963.0,32.3208,S
627,0,2,"Kirkland, Rev. Charles Leonard",male,57.0,0,0,219533.0,12.35,Q
628,1,1,"Longley, Miss. Gretchen Fiske",female,21.0,0,0,13502.0,77.9583,S
629,0,3,"Bostandyeff, Mr. Guentcho",male,26.0,0,0,349224.0,7.8958,S
631,1,1,"Barkworth, Mr. Algernon Henry Wilson",male,80.0,0,0,27042.0,30.0,S
635,0,3,"Skoog, Miss. Mabel",female,9.0,3,2,347088.0,27.9,S
636,1,2,"Davis, Miss. Mary",female,28.0,0,0,237668.0,13.0,S
637,0,3,"Leinonen, Mr. Antti Gustaf",male,32.0,0,0,,7.925,S
639,0,3,"Panula, Mrs. Juha (Maria Emilia Ojala)",female,41.0,0,5,3101295.0,39.6875,S
643,0,3,"Skoog, Miss. Margit Elizabeth",female,2.0,3,2,347088.0,27.9,S
648,1,1,"Simonius-Blumer, Col. Oberst Alfons",male,56.0,0,0,13213.0,35.5,C
650,1,3,"Stanley, Miss. Amy Zillah Elsie",female,23.0,0,0,,7.55,S
653,0,3,"Kalvik, Mr. Johannes Halvorsen",male,21.0,0,0,8475.0,8.4333,S
655,0,3,"Hegarty, Miss. Hanora ""Nora""",female,18.0,0,0,365226.0,6.75,Q
656,0,2,"Hickman, Mr. Leonard Mark",male,24.0,2,0,,73.5,S
658,0,3,"Bourke, Mrs. John (Catherine)",female,32.0,1,1,364849.0,15.5,Q
659,0,2,"Eitemiller, Mr. George Floyd",male,23.0,0,0,29751.0,13.0,S
660,0,1,"Newell, Mr. Arthur Webster",male,58.0,0,2,35273.0,113.275,C
661,1,1,"Frauenthal, Dr. Henry William",male,50.0,2,0,,133.65,S
662,0,3,"Badt, Mr. Mohamed",male,40.0,0,0,2623.0,7.225,C
663,0,1,"Colley, Mr. Edward Pomeroy",male,47.0,0,0,5727.0,25.5875,S
664,0,3,"Coleff, Mr. Peju",male,36.0,0,0,349210.0,7.4958,S
665,1,3,"Lindqvist, Mr. Eino William",male,20.0,1,0,,7.925,S
666,0,2,"Hickman, Mr. Lewis",male,32.0,2,0,,73.5,S
667,0,2,"Butler, Mr. Reginald Fenton",male,25.0,0,0,234686.0,13.0,S
672,0,1,"Davidson, Mr. Thornton",male,31.0,1,0,,52.0,S
674,1,2,"Wilhelms, Mr. Charles",male,31.0,0,0,244270.0,13.0,S
676,0,3,"Edvardsson, Mr. Gustaf Hjalmar",male,18.0,0,0,349912.0,7.775,S
677,0,3,"Sawyer, Mr. Frederick Charles",male,24.5,0,0,342826.0,8.05,S
678,1,3,"Turja, Miss. Anna Sofia",female,18.0,0,0,4138.0,9.8417,S
679,0,3,"Goodwin, Mrs. Frederick (Augusta Tyler)",female,43.0,1,6,,46.9,S
683,0,3,"Olsvigen, Mr. Thor Anderson",male,20.0,0,0,6563.0,9.225,S
684,0,3,"Goodwin, Mr. Charles Edward",male,14.0,5,2,,46.9,S
686,0,2,"Laroche, Mr. Joseph Philippe Lemercier",male,25.0,1,2,,41.5792,C
688,0,3,"Dakic, Mr. Branko",male,19.0,0,0,349228.0,10.1708,S
690,1,1,"Madill, Miss. Georgette Alexandra",female,15.0,0,1,24160.0,211.3375,S
691,1,1,"Dick, Mr. Albert Adrian",male,31.0,1,0,17474.0,57.0,S
692,1,3,"Karun, Miss. Manca",female,4.0,0,1,349256.0,13.4167,C
694,0,3,"Saad, Mr. Khalil",male,25.0,0,0,2672.0,7.225,C
695,0,1,"Weir, Col. John",male,60.0,0,0,113800.0,26.55,S
696,0,2,"Chapman, Mr. Charles Henry",male,52.0,0,0,248731.0,13.5,S
697,0,3,"Kelly, Mr. James",male,44.0,0,0,363592.0,8.05,S
699,0,1,"Thayer, Mr. John Borland",male,49.0,1,1,17421.0,110.8833,C
701,1,1,"Astor, Mrs. John Jacob (Madeleine Talmadge Force)",female,18.0,1,0,,227.525,C
702,1,1,"Silverthorne, Mr. Spencer Victor",male,35.0,0,0,,26.2875,S
703,0,3,"Barbara, Miss. Saiide",female,18.0,0,1,2691.0,14.4542,C
704,0,3,"Gallagher, Mr. Martin",male,25.0,0,0,36864.0,7.7417,Q
705,0,3,"Hansen, Mr. Henrik Juul",male,26.0,1,0,350025.0,7.8542,S
706,0,2,"Morley, Mr. Henry Samuel (""Mr Henry Marshall"")",male,39.0,0,0,250655.0,26.0,S
707,1,2,"Kelly, Mrs. Florence ""Fannie""",female,45.0,0,0,223596.0,13.5,S
708,1,1,"Calderhead, Mr. Edward Pennington",male,42.0,0,0,,26.2875,S
709,1,1,"Cleaver, Miss. Alice",female,22.0,0,0,113781.0,151.55,S
711,1,1,"Mayne, Mlle. Berthe Antonine (""Mrs de Villiers"")",female,24.0,0,0,,49.5042,C
714,0,3,"Larsson, Mr. August Viktor",male,29.0,0,0,7545.0,9.4833,S
715,0,2,"Greenberg, Mr. Samuel",male,52.0,0,0,250647.0,13.0,S
716,0,3,"Soholt, Mr. Peter Andreas Lauritz Andersen",male,19.0,0,0,348124.0,7.65,S
718,1,2,"Troutt, Miss. Edwina Celia ""Winnie""",female,27.0,0,0,34218.0,10.5,S
720,0,3,"Johnson, Mr. Malkolm Joackim",male,33.0,0,0,347062.0,7.775,S
721,1,2,"Harper, Miss. Annie Jessie ""Nina""",female,6.0,0,1,248727.0,33.0,S
725,1,1,"Chambers, Mr. Norman Campbell",male,27.0,1,0,113806.0,53.1,S
727,1,2,"Renouf, Mrs. Peter Henry (Lillian Jefferys)",female,30.0,3,0,31027.0,21.0,S
730,0,3,"Ilmakangas, Miss. Pieta Sofia",female,25.0,1,0,,7.925,S
731,1,1,"Allen, Miss. Elisabeth Walton",female,29.0,0,0,24160.0,211.3375,S
732,0,3,"Hassan, Mr. Houssein G N",male,11.0,0,0,2699.0,18.7875,C
735,0,2,"Troupiansky, Mr. Moses Aaron",male,23.0,0,0,233639.0,13.0,S
736,0,3,"Williams, Mr. Leslie",male,28.5,0,0,54636.0,16.1,S
737,0,3,"Ford, Mrs. Edward (Margaret Ann Watson)",female,48.0,1,3,,34.375,S
743,1,1,"Ryerson, Miss. Susan Parker ""Suzette""",female,21.0,2,2,,262.375,C
744,0,3,"McNamee, Mr. Neal",male,24.0,1,0,376566.0,16.1,S
745,1,3,"Stranden, Mr. Juho",male,31.0,0,0,,7.925,S
746,0,1,"Crosby, Capt. Edward Gifford",male,70.0,1,1,,71.0,S
750,0,3,"Connaghton, Mr. Michael",male,31.0,0,0,335097.0,7.75,Q
751,1,2,"Wells, Miss. Joan",female,4.0,1,1,29103.0,23.0,S
753,0,3,"Vande Velde, Mr. Johannes Joseph",male,33.0,0,0,345780.0,9.5,S
755,1,2,"Herman, Mrs. Samuel (Jane Laver)",female,48.0,1,2,220845.0,65.0,S
756,1,2,"Hamalainen, Master. Viljo",male,0.67,1,1,250649.0,14.5,S
758,0,2,"Bailey, Mr. Percy Andrew",male,18.0,0,0,29108.0,11.5,S
759,0,3,"Theobald, Mr. Thomas Leonard",male,34.0,0,0,363294.0,8.05,S
762,0,3,"Nirva, Mr. Iisakki Antino Aijo",male,41.0,0,0,,7.125,S
764,1,1,"Carter, Mrs. William Ernest (Lucile Polk)",female,36.0,1,2,113760.0,120.0,S
765,0,3,"Eklund, Mr. Hans Linus",male,16.0,0,0,347074.0,7.775,S
766,1,1,"Hogeboom, Mrs. John C (Anna Andrews)",female,51.0,1,0,13502.0,77.9583,S
768,0,3,"Mangan, Miss. Mary",female,30.5,0,0,364850.0,7.75,Q
773,0,2,"Mack, Mrs. (Mary)",female,57.0,0,0,,10.5,S
778,1,3,"Emanuel, Miss. Virginia Ethel",female,5.0,0,0,364516.0,12.475,S
781,1,3,"Ayoub, Miss. Banoura",female,13.0,0,0,2687.0,7.2292,C
783,0,1,"Long, Mr. Milton Clyde",male,29.0,0,0,113501.0,30.0,S
785,0,3,"Ali, Mr. William",male,25.0,0,0,,7.05,S
788,0,3,"Rice, Master. George Hugh",male,8.0,4,1,382652.0,29.125,Q
789,1,3,"Dean, Master. Bertram Vere",male,1.0,1,2,,20.575,S
790,0,1,"Guggenheim, Mr. Benjamin",male,46.0,0,0,,79.2,C
792,0,2,"Gaskell, Mr. Alfred",male,16.0,0,0,239865.0,26.0,S
795,0,3,"Dantcheff, Mr. Ristiu",male,25.0,0,0,349203.0,7.8958,S
796,0,2,"Otter, Mr. Richard",male,39.0,0,0,28213.0,13.0,S
797,1,1,"Leader, Dr. Alice (Farnham)",female,49.0,0,0,17465.0,25.9292,S
798,1,3,"Osman, Mrs. Mara",female,31.0,0,0,349244.0,8.6833,S
799,0,3,"Ibrahim Shawah, Mr. Yousseff",male,30.0,0,0,2685.0,7.2292,C
800,0,3,"Van Impe, Mrs. Jean Baptiste (Rosalie Paula Govaert)",female,30.0,1,1,345773.0,24.15,S
801,0,2,"Ponesell, Mr. Martin",male,34.0,0,0,250647.0,13.0,S
802,1,2,"Collyer, Mrs. Harvey (Charlotte Annie Tate)",female,31.0,1,1,,26.25,S
803,1,1,"Carter, Master. William Thornton II",male,11.0,1,2,113760.0,120.0,S
804,1,3,"Thomas, Master. Assad Alexander",male,0.42,0,1,2625.0,8.5167,C
805,1,3,"Hedman, Mr. Oskar Arvid",male,27.0,0,0,347089.0,6.975,S
806,0,3,"Johansson, Mr. Karl Johan",male,31.0,0,0,347063.0,7.775,S
807,0,1,"Andrews, Mr. Thomas Jr",male,39.0,0,0,112050.0,0.0,S
808,0,3,"Pettersson, Miss. Ellen Natalia",female,18.0,0,0,347087.0,7.775,S
809,0,2,"Meyer, Mr. August",male,39.0,0,0,248723.0,13.0,S
810,1,1,"Chambers, Mrs. Norman Campbell (Bertha Griggs)",female,33.0,1,0,113806.0,53.1,S
811,0,3,"Alexander, Mr. William",male,26.0,0,0,3474.0,7.8875,S
812,0,3,"Lester, Mr. James",male,39.0,0,0,,24.15,S
813,0,2,"Slemen, Mr. Richard James",male,35.0,0,0,28206.0,10.5,S
814,0,3,"Andersson, Miss. Ebba Iris Alfrida",female,6.0,4,2,347082.0,31.275,S
818,0,2,"Mallet, Mr. Albert",male,31.0,1,1,,37.0042,C
819,0,3,"Holm, Mr. John Fredrik Alexander",male,43.0,0,0,,6.45,S
820,0,3,"Skoog, Master. Karl Thorsten",male,10.0,3,2,347088.0,27.9,S
821,1,1,"Hays, Mrs. Charles Melville (Clara Jennings Gregg)",female,52.0,1,1,12749.0,93.5,S
823,0,1,"Reuchlin, Jonkheer. John George",male,38.0,0,0,19972.0,0.0,S
825,0,3,"Panula, Master. Urho Abraham",male,2.0,4,1,3101295.0,39.6875,S
831,1,3,"Yasbeck, Mrs. Antoni (Selini Alexander)",female,15.0,1,0,2659.0,14.4542,C
832,1,2,"Richards, Master. George Sibley",male,0.83,1,1,29106.0,18.75,S
834,0,3,"Augustsson, Mr. Albert",male,23.0,0,0,347468.0,7.8542,S
835,0,3,"Allum, Mr. Owen George",male,18.0,0,0,2223.0,8.3,S
837,0,3,"Pasic, Mr. Jakob",male,21.0,0,0,315097.0,8.6625,S
841,0,3,"Alhomaki, Mr. Ilmari Rudolf",male,20.0,0,0,,7.925,S
842,0,2,"Mudd, Mr. Thomas Charles",male,16.0,0,0,,10.5,S
843,1,1,"Serepeca, Miss. Augusta",female,30.0,0,0,113798.0,31.0,C
844,0,3,"Lemberopolous, Mr. Peter L",male,34.5,0,0,2683.0,6.4375,C
846,0,3,"Abbing, Mr. Anthony",male,42.0,0,0,,7.55,S
848,0,3,"Markoff, Mr. Marin",male,35.0,0,0,349213.0,7.8958,C
849,0,2,"Harper, Rev. John",male,28.0,0,1,248727.0,33.0,S
852,0,3,"Svensson, Mr. Johan",male,74.0,0,0,347060.0,7.775,S
853,0,3,"Boulos, Miss. Nourelain",female,9.0,1,1,2678.0,15.2458,C
856,1,3,"Aks, Mrs. Sam (Leah Rosen)",female,18.0,0,1,392091.0,9.35,S
858,1,1,"Daly, Mr. Peter Denis ",male,51.0,0,0,113055.0,26.55,S
861,0,3,"Hansen, Mr. Claus Peter",male,41.0,2,0,350026.0,14.1083,S
862,0,2,"Giles, Mr. Frederick Edward",male,21.0,1,0,28134.0,11.5,S
867,1,2,"Duran y More, Miss. Asuncion",female,27.0,1,0,,13.8583,C
870,1,3,"Johnson, Master. Harold Theodor",male,4.0,1,1,347742.0,11.1333,S
872,1,1,"Beckwith, Mrs. Richard Leonard (Sallie Monypeny)",female,47.0,1,1,11751.0,52.5542,S
873,0,1,"Carlsson, Mr. Frans Olof",male,33.0,0,0,695.0,5.0,S
874,0,3,"Vander Cruyssen, Mr. Victor",male,47.0,0,0,345765.0,9.0,S
875,1,2,"Abelson, Mrs. Samuel (Hannah Wizosky)",female,28.0,1,0,,24.0,C
876,1,3,"Najib, Miss. Adele Kiamie ""Jane""",female,15.0,0,0,2667.0,7.225,C
878,0,3,"Petroff, Mr. Nedelio",male,19.0,0,0,349212.0,7.8958,S
881,1,2,"Shelley, Mrs. William (Imanita Parrish Hall)",female,25.0,0,1,230433.0,26.0,S
882,0,3,"Markun, Mr. Johann",male,33.0,0,0,349257.0,7.8958,S
883,0,3,"Dahlberg, Miss. Gerda Ulrika",female,22.0,0,0,7552.0,10.5167,S
884,0,2,"Banfield, Mr. Frederick James",male,28.0,0,0,,10.5,S
885,0,3,"Sutehall, Mr. Henry Jr",male,25.0,0,0,,7.05,S
886,0,3,"Rice, Mrs. William (Margaret Norton)",female,39.0,0,5,382652.0,29.125,Q
887,0,2,"Montvila, Rev. Juozas",male,27.0,0,0,211536.0,13.0,S
890,1,1,"Behr, Mr. Karl Howell",male,26.0,0,0,111369.0,30.0,C
